country,st_conn_rate [%],end_conn_rate [%],grid_cost_ceiling [EUR/MWh],Label,demand_st [GWh],demand_end [GWh],gfa_st [ha],gfa_end [ha],footprint_dh_area [ha],dhPot_2020 [GWh],dhPot_2050 [GWh],supplied_heat_over_grid_lifetime [TWh],gridCost_dist_absolute [MEUR],gridCost_service_pipe_absolute [MEUR],gridCost_total_absolute [MEUR],spCostEn [EUR/MWh],spCostMet (wo. serv. pipe) [EUR/m],trench_len_dist [km],trench_len_serv [km]
AT,0.55,0.8,36.0,1,2.39443,6.4824399999999995,2.703359,12.588846,15,1.3169365,5.185952,0.086,0.72112035,0.45194695,1.1730673,13.59,1097.96,1.06841,0.9838
AT,0.55,0.8,36.0,2,5.39064,18.49584,6.529929,36.011165999999996,23,2.9648520000000005,14.796672000000001,0.233,2.23529985,1.13408143,3.36938129,14.43,1261.45,2.67103,2.4305
AT,0.55,0.8,36.0,3,7.16087,21.597080000000002,7.76,41.660835,15,3.9384785000000004,17.277664,0.282,1.52855384,0.65854083,2.18709464,7.76,1314.11,1.66432,1.38526
AT,0.55,0.8,36.0,4,4.4036599999999995,15.40985,5.3513910000000005,29.996931,1,2.4220129999999997,12.32788,0.195,0.27035347,0.040879,0.31123247,1.6,1699.24,0.18316,0.08599
AT,0.55,0.8,36.0,5,5.07203,8.9864,4.750773000000001,16.927281,44,2.7896165,7.18912,0.134,2.69887689,1.99546503,4.69434195,35.05,1135.65,4.13361,4.25018
AT,0.55,0.8,36.0,6,2.02247,6.84496,2.377266,13.325635,5,1.1123585,5.475968000000001,0.087,0.7616501800000001,0.25712676,1.01877694,11.68,1353.1,0.7529199999999999,0.54088
AT,0.55,0.8,36.0,7,5.361770000000001,9.77657,6.274736,19.276245,45,2.9489735000000006,7.821256000000001,0.145,2.7900737400000004,2.3588067799999997,5.1488805,35.62,1016.3,5.06628,5.23826
AT,0.55,0.8,36.0,8,17.58562,7.73451,12.36592,12.367917,41,9.672091,6.187608,0.22,4.69350025,3.14917186,7.8426721200000005,35.72,1094.81,7.1635,6.6244
AT,0.55,0.8,36.0,9,5.43229,12.168209999999998,5.677117,23.452175,51,2.9877595,9.734568,0.17,2.7289103999999997,1.78435515,4.513265519999999,26.6,1130.71,3.99153,3.84021
AT,0.55,0.8,36.0,10,6.16149,16.845869999999998,7.2992490000000005,32.773755,53,3.3888195000000003,13.476696,0.223,2.3548447799999996,1.6459971299999998,4.00084193,17.91,1083.88,3.69122,3.62804
AT,0.55,0.8,36.0,11,2.20993,6.32032,2.63842,12.320588,11,1.2154615000000002,5.056256,0.083,0.8857489399999999,0.5414244300000001,1.42717338,17.15,1133.5,1.25908,1.19651
AT,0.55,0.8,36.0,12,4.088550000000001,12.738760000000001,4.907101,24.835901,18,2.2487025000000003,10.191008000000002,0.165,1.52642846,0.7950794,2.32150785,14.11,1191.03,1.94916,1.73266
AT,0.55,0.8,36.0,13,6.86413,17.09001,7.475657000000001,33.077153,57,3.7752715000000006,13.672008,0.232,3.33500969,2.2305106400000003,5.56552033,23.99,1154.11,4.82235,4.7705
AT,0.55,0.8,36.0,14,2.6591199999999997,8.7874,3.2899879999999997,17.08674,15,1.4625160000000001,7.029920000000001,0.112,1.62784594,0.8903437,2.51818965,22.49,1253.15,2.00948,1.90341
AT,0.55,0.8,36.0,15,12.71781,24.04616,14.019172,47.597751,116,6.9947955,19.236928,0.345,5.75596405,5.08740283,10.84336694,31.4,1007.44,10.76325,11.27294
AT,0.55,0.8,36.0,16,7.64689,15.46013,8.862413,30.743219,71,4.205789500000001,12.368103999999999,0.221,3.90461846,3.01938398,6.92400246,31.33,1053.44,6.572760000000001,6.63425
AT,0.55,0.8,36.0,17,3.9274,10.71512,4.614078,20.868357999999997,27,2.16007,8.572096000000002,0.142,2.1548503500000002,1.3376831200000001,3.4925335,24.52,1149.97,3.0370700000000004,2.90358
AT,0.55,0.8,36.0,18,6.9648699999999995,13.17433,7.573755,25.957359,58,3.8306785000000003,10.539464,0.192,3.3311510899999996,2.59300919,5.924160349999999,30.84,1051.5,5.63403,5.68486
AT,0.55,0.8,36.0,19,45.968599999999995,19.38503,26.462842,26.467114000000002,102,25.28273,15.508023999999999,0.562,11.815353349999999,8.24476133,20.060114719999998,35.68,1138.34,17.622259999999997,17.34315
AT,0.55,0.8,36.0,20,11.82328,18.167810000000003,11.286367,34.840618,90,6.502804000000001,14.534248000000002,0.283,5.765936389999999,4.3823526,10.14828902,35.92,1110.78,9.13618,9.39991
AT,0.55,0.8,36.0,21,3.45033,10.668379999999999,4.161598000000001,20.819625,2,1.8976815000000002,8.534704,0.138,0.37891707,0.10522089,0.48413795000000004,3.5,1321.66,0.36631,0.22134
AT,0.55,0.8,36.0,22,86.98871000000001,40.62183,72.597601,77.822973,204,47.84379050000001,32.497464,1.109,23.92497473,15.137886960000001,39.06286186,35.21,1073.48,36.3889,31.924419999999998
AT,0.55,0.8,36.0,23,205.21822,86.71968,141.463615,141.486454,476,112.87002100000001,69.375744,2.513,53.19079527,36.063179240000004,89.25397439,35.52,1100.44,81.10777,76.09213000000001
AT,0.55,0.8,36.0,24,28.29344,12.63452,24.805732,24.809737,69,15.561392,10.107616000000002,0.356,7.81899154,4.75524287,12.57423444,35.33,1060.82,11.853309999999999,10.0465
AT,0.55,0.8,36.0,25,1.9573900000000002,6.89395,2.4538860000000002,13.545691,7,1.0765645000000001,5.51516,0.087,0.75473784,0.28737992,1.04211775,12.01,1326.05,0.78588,0.60923
AT,0.55,0.8,36.0,26,3380.18783,1458.6746699999999,3031.227637,3165.246446,8663,1859.1033065000001,1166.939736,41.553,810.2607861399999,527.42962669,1337.69041404,32.19,1055.04,1267.90822,1127.2931899999999
AT,0.55,0.8,36.0,27,14.932459999999999,52.53905,18.843919,103.269261,11,8.212853,42.031240000000004,0.661,1.94098888,0.51255672,2.4535456200000003,3.71,1412.59,1.7369100000000002,1.08602
AT,0.55,0.8,36.0,28,1.97479,6.4045,2.381006,12.456803,10,1.0861345000000002,5.123600000000001,0.082,0.8574209,0.42594614000000003,1.2833670400000001,15.64,1223.03,1.0493299999999999,0.91604
AT,0.55,0.8,36.0,29,17.66509,7.7060200000000005,12.590155000000001,12.592188,41,9.715799500000001,6.164816000000001,0.22,4.6952617000000005,3.06462864,7.75989038,35.32,1093.62,7.0955900000000005,6.446560000000001
AT,0.55,0.8,36.0,30,3.48991,12.42474,4.346998,24.363507000000002,5,1.9194505000000002,9.939792,0.156,0.76657231,0.27622210999999997,1.04279441,6.68,1423.36,0.73263,0.58104
AT,0.55,0.8,36.0,31,4.7202,6.99008,4.9818690000000005,13.85397,41,2.5961100000000004,5.592064000000001,0.108,1.99156832,1.7886734499999999,3.78024175,34.91,1024.23,3.69083,3.90217
AT,0.55,0.8,36.0,32,54.23261,25.38039,49.209461,49.217406,129,29.827935500000002,20.304312000000003,0.698,15.23761644,9.30379766,24.54141414,35.14,1051.51,23.33928,19.59452
AT,0.55,0.8,36.0,33,43.657300000000006,20.322029999999998,38.116321,39.268187,100,24.011515000000003,16.257624,0.559,11.729696019999999,7.24584372,18.97553972,33.97,1061.66,17.87353,15.44075
AT,0.55,0.8,36.0,34,15656.195689999999,6467.2399000000005,13512.512565,13729.413778,24636,8610.9076295,5173.791920000001,189.135,2619.90309423,1480.2550836500002,4100.15818012,21.68,1085.78,3776.21941,3160.4446000000003
AT,0.55,0.8,36.0,35,20.100099999999998,8.22762,13.870312,13.87255,44,11.055055000000001,6.582096000000002,0.242,5.30305396,3.33497943,8.63803342,35.64,1099.53,7.85612,7.01525
AT,0.55,0.8,36.0,36,2415.83452,1018.04888,1924.255322,1939.8468289999998,6143,1328.708986,814.439104,29.501,627.646442,418.92318804,1046.56963038,35.48,1071.84,976.4203100000001,888.43375
AT,0.55,0.8,36.0,37,7.46047,8.87953,7.893361,17.579104,31,4.103258500000001,7.103624000000001,0.152,2.90869256,2.4219771299999997,5.33066968,35.02,1031.93,5.16572,5.256489999999999
AT,0.55,0.8,36.0,38,9.93957,7.2045900000000005,8.025235,12.860719,32,5.4667635,5.763672000000001,0.154,3.11835524,2.24088248,5.35923775,34.74,1087.91,4.926159999999999,4.71378
AT,0.55,0.8,36.0,39,3.78227,7.52516,3.916758,14.696931,31,2.0802485,6.020128000000001,0.108,1.9893590700000001,1.36011719,3.3494762400000004,30.89,1138.5,2.942,2.8729899999999997
AT,0.55,0.8,36.0,40,20.7745,9.04767,17.561335999999997,17.564172,50,11.425975000000001,7.238136000000001,0.258,5.61980756,3.49721979,9.117027349999999,35.31,1062.68,8.57925,7.356529999999999
AT,0.55,0.8,36.0,41,3.75407,8.09417,4.969054,16.370642,34,2.0647385000000003,6.475336,0.111,2.11008256,1.62719522,3.7372778199999996,33.58,1053.25,3.54833,3.65146
AT,0.55,0.8,36.0,42,5.34704,12.303090000000001,6.306325,24.347644,53,2.940872,9.842472000000003,0.171,2.91323419,2.14169072,5.054924929999999,29.57,1088.42,4.64426,4.7218100000000005
AT,0.55,0.8,36.0,43,49.39429,19.81791,44.234848,44.241989000000004,117,27.166859500000005,15.854328000000002,0.59,12.13130707,7.90342023,20.03472733,33.97,1063.58,18.83703,16.78365
AT,0.55,0.8,36.0,44,232.15907,94.49691,158.20099199999999,158.6907,486,127.68748850000003,75.59752800000001,2.791,57.97636421,35.89424635,93.87061059999999,33.64,1105.11,84.94194,75.53926
AT,0.55,0.8,36.0,45,34.06399,15.22796,30.607026,30.611966,82,18.735194500000002,12.182368,0.429,9.542576949999999,5.87915365,15.421730689999999,35.96,1051.32,14.66889,12.403649999999999
AT,0.55,0.8,36.0,46,13.375620000000001,22.44802,13.895079,43.768578000000005,84,7.356591000000002,17.958416,0.341,6.2171398899999994,4.9229213099999996,11.14006124,32.67,1087.55,10.24327,10.65388
AT,0.55,0.8,36.0,47,12.77161,16.705189999999998,14.505559,34.214086,66,7.024385500000001,13.364152,0.276,5.0050371600000005,4.90095513,9.90599235,35.85,999.31,9.91285,10.86869
AT,0.55,0.8,36.0,48,23.7362,9.77394,14.619373999999999,14.621734,50,13.054910000000001,7.819152000000001,0.287,6.104804730000001,3.96562921,10.07043398,35.1,1125.76,8.94542,8.34184
AT,0.55,0.8,36.0,49,3.3951599999999997,6.42977,3.651151,12.514269,25,1.867338,5.143816000000001,0.094,1.8436848000000001,1.43884552,3.2825303399999997,34.81,1086.45,3.02133,3.1339200000000003
AT,0.55,0.8,36.0,50,2.15406,6.77103,2.490769,13.219621,4,1.1847330000000003,5.416824000000001,0.088,0.42889773,0.19539144,0.62428916,7.12,1213.84,0.5143099999999999,0.42774
AT,0.55,0.8,36.0,51,14.02392,25.163040000000002,14.560145,51.076275,78,7.7131560000000015,20.130432000000003,0.372,4.59716054,3.9361800899999997,8.53334065,22.91,1042.86,8.18266,8.63825
AT,0.55,0.8,36.0,52,2.9036,7.3551,3.145851,14.308522,19,1.59698,5.884080000000001,0.1,1.537018,1.01383452,2.55085252,25.61,1203.06,2.1203000000000003,2.14784
AT,0.55,0.8,36.0,53,8.595180000000001,23.496869999999998,10.442896000000001,46.987932,26,4.727349,18.797496,0.311,1.5176218000000001,1.01859166,2.53621344,8.15,1025.64,2.47281,2.27385
AT,0.55,0.8,36.0,54,46.67165,23.63666,39.098352,44.795318,123,25.669407500000002,18.909328000000002,0.616,12.73961636,8.33229545,21.071911699999998,34.23,1072.07,19.655279999999998,17.68619
AT,0.55,0.8,36.0,55,35.59555,15.60733,29.799267999999998,30.633809000000003,85,19.577552500000003,12.485864000000001,0.442,9.78090312,6.04628604,15.82718923,35.81,1074.85,14.725,12.723700000000001
AT,0.55,0.8,36.0,56,94.72,41.0257,65.08279399999999,65.82559599999999,234,52.09600000000001,32.82056,1.172,24.93784132,16.74740322,41.685244299999994,35.55,1106.46,37.67456,35.26985
AT,0.55,0.8,36.0,57,14.556569999999999,8.19417,12.335421,16.04423,42,8.006113500000001,6.5553360000000005,0.2,4.2848801100000005,2.73502892,7.019909019999999,35.13,1061.84,6.61109,5.79063
AT,0.55,0.8,36.0,58,47.88399,25.30022,40.203105,48.457074,123,26.3361945,20.240176000000005,0.642,13.80744731,8.974120560000001,22.78156792,35.49,1074.87,21.19475,18.93559
AT,0.55,0.8,36.0,59,2.7208699999999997,7.093439999999999,3.094256,13.852079000000002,29,1.4964785000000003,5.674752000000001,0.096,2.00025778,1.38657172,3.3868295,35.44,1205.99,2.8083400000000003,2.96142
AT,0.55,0.8,36.0,60,2.20796,7.13591,2.713662,13.994135,6,1.2143780000000002,5.708728,0.091,0.5644483100000001,0.23898473,0.80343304,8.79,1188.86,0.6758,0.5258400000000001
AT,0.55,0.8,36.0,61,66.07833000000001,28.06115,42.558656,43.641335999999995,150,36.34308150000001,22.44892,0.809,17.496430699999998,11.59198453,29.0884153,35.96,1115.04,26.08743,24.41378
AT,0.55,0.8,36.0,62,15.829139999999999,6.916939999999999,13.010429,13.01253,36,8.706027,5.533551999999999,0.197,4.3675233,2.67599591,7.0435192,35.74,1068.23,6.59363,5.62905
AT,0.55,0.8,36.0,63,15.218459999999999,6.38319,12.907871,12.909955,34,8.370153,5.106552,0.186,4.13761477,2.50395393,6.64156873,35.76,1066.52,6.22732,5.2884899999999995
AT,0.55,0.8,36.0,64,3.53585,6.53336,4.007169,12.908443,23,1.9447175000000003,5.226688,0.096,1.7666271100000002,1.4021303200000002,3.16875742,33.14,1064.26,2.97744,3.10733
AT,0.55,0.8,36.0,65,6.687390000000001,20.23363,7.674728,40.033908000000004,11,3.6780645000000005,16.186904000000002,0.264,1.14001977,0.58491662,1.7249363899999999,6.53,1218.66,1.41544,1.2558099999999999
AT,0.55,0.8,36.0,66,2.54541,7.2032799999999995,3.129731,14.124967999999999,41,1.3999755,5.762624,0.095,1.76170478,1.1450346299999998,2.90673941,30.57,1137.42,2.55556,2.48565
AT,0.55,0.8,36.0,67,64.49124,59.84519,54.14161899999999,112.64441399999998,332,35.470182,47.876152000000005,1.133,22.290214829999996,18.265965089999998,40.55618,35.8,1069.03,37.9372,38.96786
AT,0.55,0.8,36.0,68,8.27354,19.79578,9.525172,38.901463,68,4.550447000000001,15.836624,0.272,4.46683529,3.03276583,7.499601139999999,27.53,1112.97,6.7383500000000005,6.63791
AT,0.55,0.8,36.0,69,3.26742,9.450719999999999,3.9917540000000002,18.744657999999998,10,1.7970810000000002,7.560576,0.124,1.01793409,0.59851886,1.61645296,13.01,1085.63,1.48895,1.34737
AT,0.55,0.8,36.0,70,533.8649,221.52332,419.22324,419.290931,1244,293.62569500000006,177.218656,6.478,139.97440591,90.94608743,230.92049337,35.65,1079.57,213.90022,192.08112
AT,0.55,0.8,36.0,71,2.13571,6.43205,2.446395,12.537827,25,1.1746405000000002,5.14564,0.084,1.4822131200000002,0.88448348,2.36669661,28.26,1234.8,1.91666,1.8605399999999999
AT,0.55,0.8,36.0,72,3.3549,10.665149999999999,4.039443,21.171798000000003,8,1.8451950000000001,8.53212,0.138,0.7021620500000001,0.31196881,1.01413085,7.37,1222.61,0.82948,0.6817000000000001
AT,0.55,0.8,36.0,73,4.28008,7.59452,4.730894999999999,15.316425,14,2.3540440000000005,6.075616000000001,0.113,1.36222252,1.02135635,2.3835789,21.09,1060.47,2.2476700000000003,2.20133
AT,0.55,0.8,36.0,74,2.1158099999999997,7.0935299999999994,2.556934,13.88202,6,1.1636955,5.674824000000001,0.09,0.7152804,0.26848724,0.98376763,10.89,1289.0,0.7632000000000001,0.5749299999999999
AT,0.55,0.8,36.0,75,5.9909799999999995,7.19149,5.334314,13.550213000000001,23,3.2950390000000005,5.753192,0.123,2.43566598,1.75527897,4.19094496,34.16,1128.58,3.7134699999999996,3.7563
AT,0.55,0.8,36.0,76,84.82647999999999,46.44248,60.307635,79.28264300000001,223,46.654564,37.15398400000001,1.15,24.35452432,16.920374719999998,41.274899,35.9,1111.95,37.11932,35.62643
AT,0.55,0.8,36.0,77,10.93147,22.11466,12.839917999999999,43.956466,66,6.0123085000000005,17.691728,0.317,3.73962726,3.56656777,7.3061950499999995,23.07,962.53,7.59059,8.12684
AT,0.55,0.8,36.0,78,5.74015,13.02294,6.193396,25.321842999999998,39,3.1570825,10.418352,0.181,1.81132383,1.32581221,3.1371360299999997,17.36,1076.66,2.9137600000000003,2.913
AT,0.55,0.8,36.0,79,3.1668499999999997,7.82012,3.697568,15.266782000000001,46,1.7417675000000001,6.256096,0.107,1.87423376,1.35498654,3.22922028,30.29,1121.78,2.87865,2.95898
AT,0.55,0.8,36.0,80,5.11096,9.04971,5.678168,17.883271,11,2.8110280000000003,7.239768,0.135,1.34270922,0.6734511999999999,2.0161604,14.95,1096.06,1.83947,1.43356
AT,0.55,0.8,36.0,81,3.5213,11.66884,4.101675,22.991719,4,1.9367150000000002,9.335072,0.15,0.80495766,0.23399518,1.0389528399999999,6.95,1418.11,0.73263,0.49222000000000005
AT,0.55,0.8,36.0,82,2.6144000000000003,7.34959,2.8963080000000003,14.342628,33,1.43792,5.879672,0.097,2.0721941200000003,1.37098322,3.44317736,35.41,1233.84,2.79062,2.89831
AT,0.55,0.8,36.0,83,4.395479999999999,8.13148,4.141083,15.359159,26,2.417514,6.505184000000001,0.12,1.70168525,1.2941666200000002,2.99585188,24.99,1133.23,2.64364,2.72233
AT,0.55,0.8,36.0,84,3.99884,9.729719999999999,4.101536,18.748684,18,2.1993620000000003,7.783776,0.133,1.60943377,1.0676156499999998,2.67704942,20.16,1213.83,2.20546,2.24577
AT,0.55,0.8,36.0,85,2.47952,8.40241,3.021129,16.421945,5,1.363736,6.721928,0.107,0.66069065,0.22753155,0.88822221,8.32,1306.46,0.67987,0.49018
AT,0.55,0.8,36.0,86,4.23313,7.3406,4.957412000000001,14.694173999999999,29,2.3282215,5.87248,0.11,2.21159486,1.66640171,3.87799653,35.15,1067.31,3.6334299999999997,3.61688
AT,0.55,0.8,36.0,87,3.92673,9.4082,4.325848000000001,18.347067000000003,27,2.1597015,7.526560000000002,0.129,2.4771797999999996,1.6041408300000002,4.08132064,31.62,1187.68,3.43638,3.4460100000000002
AT,0.55,0.8,36.0,88,22.66621,44.48762,23.140735,85.951245,142,12.466415500000002,35.590096,0.642,9.24464519,6.68085007,15.925495289999999,24.8,1120.92,14.207559999999999,14.31957
AT,0.55,0.8,36.0,89,6.33592,7.4196,6.057525,14.169551,31,3.4847560000000004,5.9356800000000005,0.128,2.59256844,1.88409492,4.47666338,34.91,1089.66,4.1083,3.97754
AT,0.55,0.8,36.0,90,3.0769499999999996,7.72606,3.4494230000000003,15.042376,27,1.6923225,6.180848000000001,0.105,1.56855286,1.06636358,2.63491644,25.11,1152.17,2.2869200000000003,2.29125
AT,0.55,0.8,36.0,91,8.65953,12.672360000000001,8.684971,24.561292,52,4.7627415000000015,10.137888,0.201,3.99922968,2.8963399300000003,6.89556962,34.33,1088.68,6.33386,6.24463
AT,0.55,0.8,36.0,92,6.00603,19.514029999999998,7.297111,38.367684000000004,11,3.3033164999999998,15.611224,0.25,1.54135081,0.59965284,2.1410036299999997,8.57,1227.83,1.74373,1.31853
AT,0.55,0.8,36.0,93,3.8488,8.42222,4.31893,16.326003,33,2.1168400000000003,6.737776,0.119,2.4339163900000003,1.76442356,4.19833996,35.43,1124.55,3.73334,3.80051
AT,0.55,0.8,36.0,94,317.25538,141.30443,233.26369300000002,234.850585,787,174.49045900000002,113.043544,3.983,84.70181804,56.664350549999995,141.36616872,35.5,1085.91,130.18246000000002,119.6297
AT,0.55,0.8,36.0,95,4.46219,13.51941,5.438401,26.641577,17,2.4542045,10.815528,0.176,1.2992785,0.68904048,1.988319,11.3,1125.61,1.7664300000000002,1.53617
AT,0.55,0.8,36.0,96,3.4749,8.15461,4.08214,16.543311,28,1.9111950000000002,6.523688,0.112,1.99109672,1.43136303,3.42245973,30.48,1143.18,2.9938000000000002,3.10695
AT,0.55,0.8,36.0,97,3.0867199999999997,8.19096,3.351663,15.897468,21,1.697696,6.552768,0.11,1.18515075,0.7361467700000001,1.92129751,17.48,1167.28,1.64596,1.56754
AT,0.55,0.8,36.0,98,5.81872,17.694869999999998,7.033538,34.671927000000004,17,3.2002960000000003,14.155896,0.23,1.40267085,0.88470081,2.2873716699999997,9.97,1123.6,2.03575,1.9762
AT,0.55,0.8,36.0,99,38.089769999999994,16.49984,28.284382,28.288949,87,20.949373500000004,13.199872000000001,0.472,10.30882446,6.523074240000001,16.831898640000002,35.66,1082.97,15.54241,13.73432
AT,0.55,0.8,36.0,100,20.91498,8.6528,16.791636999999998,16.794347,43,11.503239000000002,6.9222399999999995,0.254,5.35815099,3.1244782,8.48262917,33.46,1077.06,7.87572,6.57245
AT,0.55,0.8,36.0,101,2.99234,9.68372,3.576272,19.313089,7,1.6457870000000003,7.746976,0.125,0.5173118,0.18395892000000003,0.70127073,5.63,1268.53,0.5528200000000001,0.40349
AT,0.55,0.8,36.0,102,2.04617,6.56275,2.472386,12.826956,18,1.1253935000000002,5.2502,0.084,1.37645806,0.8200531400000001,2.19651123,26.05,1242.98,1.76713,1.74826
AT,0.55,0.8,36.0,103,6.64748,18.173560000000002,8.04181,36.749767,35,3.656114,14.538848000000002,0.241,2.02571549,1.21397671,3.23969221,13.46,1095.75,2.9566,2.7003000000000004
AT,0.55,0.8,36.0,104,3.7685999999999997,6.83454,3.9214849999999997,13.240084,49,2.07273,5.467632000000001,0.101,1.8404832199999999,1.3230273300000002,3.16351058,31.24,1036.32,3.0526500000000003,2.92345
AT,0.55,0.8,36.0,105,38.66451,16.43144,26.721690999999996,26.726005999999998,87,21.265480500000002,13.145152,0.475,10.238345189999999,6.74265882,16.98100398,35.78,1101.26,15.41964,14.23567
AT,0.55,0.8,36.0,106,31.8645,12.94698,20.698027,20.701368,68,17.525475000000004,10.357584000000001,0.383,8.300554349999999,5.30135958,13.60191394,35.52,1110.81,12.24509,11.1516
AT,0.55,0.8,36.0,107,96.29198,110.18496,84.292716,208.55531399999998,488,52.960589,88.147968,1.908,31.2529777,26.85471113,58.107688859999996,30.46,1054.16,55.12221,57.55213
AT,0.55,0.8,36.0,108,32.27574,14.40663,23.372410000000002,24.328561999999998,76,17.751657,11.525304,0.404,8.71814848,5.6256657599999995,14.34381425,35.5,1097.16,13.07355,11.839780000000001
AT,0.55,0.8,36.0,109,18.814529999999998,8.249600000000001,13.623128,13.625329,45,10.347991500000001,6.59968,0.235,5.12035278,3.3023423199999997,8.42269508,35.9,1087.78,7.7430200000000005,6.95975
AT,0.55,0.8,36.0,110,7.45907,11.22143,7.154747,21.818842999999998,39,4.102488500000001,8.977144000000001,0.176,3.27279937,2.61541171,5.88821106,33.52,1108.82,5.310359999999999,5.55357
AT,0.55,0.8,36.0,111,2.57098,6.316979999999999,2.97978,12.311213,25,1.4140390000000003,5.053584,0.086,1.07263612,0.72736491,1.80000102,20.89,1066.58,1.68764,1.60676
AT,0.55,0.8,36.0,112,16.05922,11.89756,16.756721,24.750448000000002,50,8.832571,9.518048,0.252,5.45556996,3.56754254,9.02311254,35.74,1042.48,8.65543,7.51347
AT,0.55,0.8,36.0,113,3.85789,8.42577,4.068379,16.466079999999998,23,2.1218395,6.740616000000001,0.118,1.64187092,1.19539125,2.83726217,23.97,1113.18,2.5487800000000003,2.60569
AT,0.55,0.8,36.0,114,3.316,9.95214,3.910684,19.529188,20,1.8238000000000003,7.9617119999999995,0.129,1.2209039099999999,0.72993823,1.9508421299999998,15.07,1212.29,1.60922,1.5746300000000002
AT,0.55,0.8,36.0,115,12.54428,6.31633,11.342457000000001,12.875002,30,6.8993540000000015,5.053064,0.165,3.6098984900000004,2.16970138,5.77959988,35.07,1060.34,5.450699999999999,4.6065
AT,0.55,0.8,36.0,116,7.0940900000000005,15.37693,7.850473,30.307739,78,3.9017495000000006,12.301544000000002,0.216,4.10069518,2.94858705,7.04928225,32.57,1105.35,6.37742,6.4167
AT,0.55,0.8,36.0,117,10.346680000000001,9.596879999999999,8.895508999999999,18.078639000000003,39,5.690674000000001,7.677504,0.182,3.471028,2.52190729,5.992935269999999,32.95,1090.28,5.4967,5.32446
AT,0.55,0.8,36.0,118,281.32468,112.80545,188.95085600000002,188.981363,650,154.72857400000004,90.24436,3.359,72.45927259999999,47.26124324,119.7205158,35.64,1106.69,108.17842999999999,99.45049
AT,0.55,0.8,36.0,119,2.87647,6.76034,3.144804,13.214635999999999,33,1.5820585,5.408272000000001,0.093,1.53557854,0.96602228,2.50160083,26.84,1113.18,2.2472600000000003,2.08745
AT,0.55,0.8,36.0,120,7.967569999999999,8.8687,6.47773,16.590441000000002,27,4.382163500000001,7.094960000000001,0.155,2.62922882,1.95341379,4.58264263,29.51,1130.96,4.052,4.10908
AT,0.55,0.8,36.0,121,3.8105900000000004,11.2566,5.145422,22.497551,5,2.0958245000000004,9.00528,0.147,0.7641955899999999,0.29476291,1.0589585,7.21,1156.35,0.9157799999999999,0.6200399999999999
AT,0.55,0.8,36.0,122,23.81247,9.81142,18.250169,18.253115,53,13.096858500000002,7.849136000000001,0.288,6.36163846,3.90699539,10.26863386,35.65,1077.94,9.526200000000001,8.251149999999999
AT,0.55,0.8,36.0,123,25.30707,10.14766,18.594114,18.597116,54,13.918888500000001,8.118128,0.302,6.66684912,4.16488886,10.83173798,35.85,1095.17,9.890450000000001,8.76099
AT,0.55,0.8,36.0,124,61.346379999999996,25.06991,40.715716,40.722291,133,33.740508999999996,20.055928,0.739,15.15455819,9.507257619999999,24.66181579,33.36,1108.71,22.2438,20.00056
AT,0.55,0.8,36.0,125,6.04455,10.84275,5.9417919999999995,21.076092000000003,47,3.3245025000000004,8.6742,0.16,3.34543437,2.4192405200000002,5.76467492,35.94,1141.9,5.0483199999999995,5.16713
AT,0.55,0.8,36.0,126,4.49226,12.23767,5.019172,23.830188,4,2.4707430000000006,9.790136,0.163,0.6032349499999999,0.27223288,0.87546783,5.38,1194.97,0.73263,0.57265
AT,0.55,0.8,36.0,127,10.56649,14.799209999999999,9.144178,27.991604,55,5.811569500000001,11.839368,0.237,4.81281551,3.62915242,8.441967960000001,35.6,1141.42,7.39605,7.65088
AT,0.55,0.8,36.0,128,2.90408,7.90053,3.386447,15.541554000000001,12,1.597244,6.320424,0.104,0.8650069699999999,0.58046701,1.44547396,13.84,1144.62,1.26284,1.26713
AT,0.55,0.8,36.0,129,20.268060000000002,8.01682,13.978679999999999,13.980938,40,11.147433000000001,6.413456,0.24,4.95097001,2.90012482,7.85109483,32.66,1102.66,7.12014,6.10052
AT,0.55,0.8,36.0,130,48.08197,19.568189999999998,35.511949,35.517683,111,26.445083500000006,15.654552,0.578,12.68108554,8.04202379,20.72310936,35.85,1087.01,19.06425,16.96219
AT,0.55,0.8,36.0,131,33.09392,116.2723,41.579788,227.766379,17,18.201656,93.01784,1.463,3.1213775,0.85185994,3.97323745,2.72,1409.0,2.81989,1.84371
AT,0.55,0.8,36.0,132,16.663259999999998,33.33269,17.754467,64.816887,151,9.164793,26.666152000000004,0.479,8.27112514,6.205347980000001,14.47647318,30.23,1082.31,13.37556,13.46977
AT,0.55,0.8,36.0,133,20.54591,8.535620000000002,14.342478,14.344793,48,11.3002505,6.828496000000001,0.249,5.40565521,3.49635209,8.90200727,35.68,1097.35,8.11231,7.35645
AT,0.55,0.8,36.0,134,35.10248,14.20058,23.536388,23.540187,75,19.306364000000006,11.360464,0.421,9.21495534,5.76503571,14.979991199999999,35.59,1104.86,13.55824,12.126959999999999
AT,0.55,0.8,36.0,135,1722.47074,705.1394799999999,1293.4951199999998,1308.48924,4607,947.3589070000002,564.111584,20.739,442.50888516000003,298.06801166,740.5768973400001,35.71,1081.33,684.87334,631.2410600000001
AT,0.55,0.8,36.0,136,10.39234,20.38331,10.852753,40.161775,65,5.715787000000001,16.306648000000003,0.296,3.16275639,2.4923026299999997,5.655058990000001,19.14,1064.66,5.3116,5.40217
AT,0.55,0.8,36.0,137,2.98031,9.78804,3.593149,19.411926,15,1.6391705000000003,7.830432000000001,0.125,1.53131536,0.70045442,2.23176979,17.81,1269.18,1.75844,1.48567
AT,0.55,0.8,36.0,138,16.704099999999997,6.83883,12.657684,12.659727,36,9.187254999999999,5.471064,0.201,4.3978135499999995,2.74900606,7.1468196100000005,35.48,1083.9,6.59363,5.78263
AT,0.55,0.8,36.0,139,17.75323,8.12468,13.804371,15.255189000000001,48,9.7642765,6.499744000000001,0.223,4.77195577,3.22359244,7.99554822,35.79,1081.12,7.39561,6.83992
AT,0.55,0.8,36.0,140,33.2858,14.033,27.615751,27.620208,76,18.307190000000002,11.226400000000002,0.407,9.08237049,5.567162349999999,14.64953291,36.0,1065.08,13.7544,11.72777
AT,0.55,0.8,36.0,141,24.156419999999997,10.14335,17.320512,17.323307999999997,52,13.286031000000001,8.11468,0.295,6.30701352,4.10391189,10.410925449999999,35.3,1098.49,9.477469999999999,8.632729999999999
AT,0.55,0.8,36.0,142,27.87818,11.88676,22.593909,22.597556,65,15.332999000000003,9.509408000000002,0.343,7.49836903,4.46205668,11.96042564,34.89,1068.84,11.19005,9.39259
AT,0.55,0.8,36.0,143,25.53923,10.93896,21.555970000000002,21.559449,60,14.0465765,8.751168,0.315,6.92949855,4.2083841699999995,11.13788277,35.39,1064.17,10.46631,8.85249
AT,0.55,0.8,36.0,144,44.21161,18.25507,31.307329,30.774715000000004,98,24.316385500000006,14.604056,0.534,11.234952300000002,6.9795513499999995,18.21450364,34.13,1105.18,16.48103,14.68174
AT,0.55,0.8,36.0,145,143.50538,61.45322,112.51161299999998,117.86684,348,78.927959,49.162576,1.758,37.8796837,24.52596827,62.40565219,35.5,1077.34,57.92575,51.78398
AT,0.55,0.8,36.0,146,72.07858999999999,30.875790000000002,47.90603,48.439243,187,39.6432245,24.700632000000002,0.887,18.53664216,12.809284380000001,31.34592643,35.33,1096.97,28.57491,27.134259999999998
AT,0.55,0.8,36.0,147,27.35713,11.24957,18.639053,17.823206,61,15.046421500000003,8.999656000000002,0.331,7.21555928,4.6636818,11.879241050000001,35.93,1101.01,10.78944,9.81022
AT,0.55,0.8,36.0,148,1.95417,11.66264,2.2567,23.000571,4,1.0747935000000002,9.330112,0.126,0.50512316,0.23401029999999998,0.7391334599999999,5.84,1257.63,0.58772,0.49875
AT,0.55,0.8,36.0,149,172.16563,72.06098,127.421226,127.441796,441,94.69109650000001,57.648784,2.098,45.40516037,29.81704755,75.22220798000001,35.85,1081.25,69.56975999999999,63.166160000000005
AT,0.55,0.8,36.0,150,30.988220000000002,12.62444,22.646704,21.674464,68,17.043521000000002,10.099552000000001,0.373,8.16525021,5.09543382,13.26068403,35.58,1093.44,12.12746,10.71843
AT,0.55,0.8,36.0,151,4.68094,6.7623500000000005,4.59374,13.035145,23,2.5745169999999997,5.409880000000001,0.108,2.18685287,1.65317132,3.8400242,35.54,1148.27,3.34417,3.52018
AT,0.55,0.8,36.0,152,64.70255,25.75882,44.386480999999996,43.160869,137,35.586402500000005,20.607056,0.768,16.52885035,10.2347629,26.76361332,34.83,1103.28,24.25818,21.52919
AT,0.55,0.8,36.0,153,3.37001,9.191840000000001,4.107933999999999,18.458484,6,1.8535055000000003,7.353472000000001,0.122,0.90625159,0.39880078,1.3050523799999998,10.67,1187.56,1.09894,0.83889
AT,0.55,0.8,36.0,154,19.85782,7.76103,13.348598,12.764318,37,10.921801000000002,6.208824000000001,0.234,4.6417872000000004,2.6681954,7.309982519999999,31.21,1112.4,6.57138,5.6126499999999995
AT,0.55,0.8,36.0,155,2.80054,8.25424,3.243187,16.029595999999998,7,1.540297,6.603392,0.108,0.69800951,0.34997308,1.0479825999999999,9.73,1147.88,0.9129700000000001,0.75915
AT,0.55,0.8,36.0,156,29.635180000000002,11.934629999999999,20.165010000000002,20.168264,62,16.299349000000003,9.547704,0.355,7.723101,4.73240375,12.45550478,35.13,1102.39,11.29859,9.954780000000001
AT,0.55,0.8,36.0,157,115.63367,45.11295,78.882698,75.433272,254,63.598518500000004,36.090360000000004,1.363,29.03418537,19.023660829999997,48.05784637,35.27,1106.69,43.42482,40.097339999999996
AT,0.55,0.8,36.0,158,42.60254,18.514740000000003,30.813294,29.475425,95,23.431397,14.811792000000002,0.529,11.40674373,7.51595709,18.92270078,35.79,1096.73,17.25373,15.83142
AT,0.55,0.8,36.0,159,17.630380000000002,10.33456,15.884087,20.294915,45,9.696709,8.267648,0.248,5.0643566,3.29315654,8.3575131,33.73,1055.23,7.920100000000001,6.99011
AT,0.55,0.8,36.0,160,2.304,7.17707,2.7282889999999997,14.089715,15,1.2672,5.741656,0.093,1.32377051,0.71942554,2.04319604,22.0,1234.83,1.65464,1.54046
AT,0.55,0.8,36.0,161,25.78973,15.77515,17.839284,27.940479999999997,69,14.184351500000002,12.620120000000002,0.363,7.61063025,5.468464679999999,13.07909489,35.98,1121.54,11.66169,11.503110000000001
AT,0.55,0.8,36.0,162,131.98152,54.862300000000005,94.225836,94.27362600000001,404,72.58983599999999,43.88984000000001,1.603,33.900616619999994,23.43502049,57.33563743,35.76,1079.61,53.107589999999995,49.760940000000005
AT,0.55,0.8,36.0,163,359.67985,161.03560000000002,312.16506499999997,312.21546,897,197.82391750000002,128.82848,4.531,98.4631638,64.12485154,162.58801555000002,35.88,1058.48,153.60542999999998,135.49934
AT,0.55,0.8,36.0,164,6.010350000000001,6.57552,5.334129,12.590717999999999,22,3.3056925000000006,5.260416000000001,0.116,2.26902532,1.54637223,3.81539754,32.94,1118.23,3.4120100000000004,3.2641
AT,0.55,0.8,36.0,165,141.36378,56.16601,97.053723,92.80885500000001,313,77.75007900000001,44.93280800000001,1.68,36.60179701,23.42664789,60.02844468,35.73,1102.62,54.441669999999995,49.3158
AT,0.55,0.8,36.0,166,2.66077,6.36825,2.894056,12.484738,17,1.4634235000000002,5.094600000000001,0.088,1.16570829,0.76487225,1.93058053,21.99,1130.68,1.7074500000000001,1.64783
AT,0.55,0.8,36.0,167,15.6214,6.84544,13.034556,13.036660000000001,32,8.59177,5.476352,0.195,3.84818128,2.10818998,5.95637124,30.58,1075.83,5.53653,4.4346499999999995
AT,0.55,0.8,36.0,168,32.508810000000004,12.71913,21.540617,20.597765,66,17.879845500000002,10.175304,0.384,8.141800120000001,5.21874285,13.36054301,34.83,1111.7,12.01807,10.990680000000001
AT,0.55,0.8,36.0,169,83.82647999999999,42.23124,65.38901899999999,75.401383,243,46.104563999999996,33.784992,1.102,23.24802328,15.74494739,38.99297068,35.37,1072.32,36.36331,33.405879999999996
AT,0.55,0.8,36.0,170,88.93725,36.81057,59.323595,59.333172,204,48.915487500000005,29.448456000000004,1.078,23.22926019,15.316486789999999,38.54574702,35.75,1108.73,34.765629999999994,32.26243
AT,0.55,0.8,36.0,171,21.67985,9.275709999999998,14.333656,14.335970000000001,47,11.9239175,7.420567999999999,0.267,5.71242191,3.72681871,9.43924063,35.35,1111.65,8.491200000000001,7.8395
AT,0.55,0.8,36.0,172,3.72352,12.8928,4.568037,25.605887,3,2.047936,10.31424,0.163,0.64390528,0.15622778,0.8001330600000001,4.9,1456.19,0.54947,0.32863
AT,0.55,0.8,36.0,173,265.52286,119.52161,220.710434,231.458358,634,146.037573,95.617288,3.334,73.6554325,46.309613840000004,119.96504629,35.99,1066.25,112.51133999999999,97.61809
AT,0.55,0.8,36.0,174,53.5801,22.48574,39.327965,39.334314,116,29.469055,17.988592,0.654,13.70598239,8.47506125,22.181043640000002,33.92,1086.62,20.4128,17.84122
AT,0.55,0.8,36.0,175,72.01128,30.11682,45.96445,45.97187,164,39.606204000000005,24.093456000000003,0.877,18.83834066,12.56247072,31.40081137,35.8,1111.34,28.25493,26.44452
AT,0.55,0.8,36.0,176,7.63354,11.773729999999999,6.909408,22.502864000000002,56,4.198447,9.418984,0.183,3.62979628,2.74770264,6.377498940000001,34.77,1110.36,5.743609999999999,5.92495
AT,0.55,0.8,36.0,177,88.15444000000001,58.76554,77.246801,114.37413400000001,239,48.484942000000004,47.012432000000004,1.31,25.838707739999997,18.35205388,44.1907617,33.74,1063.52,41.55124,38.98459
AT,0.55,0.8,36.0,178,140.10506,61.058879999999995,106.76528300000001,109.15955500000001,348,77.05778300000001,48.847104,1.737,36.47861637,24.13482259,60.613439,34.9,1076.59,56.301559999999995,51.06999
AT,0.55,0.8,36.0,179,31.59131,13.24211,18.945762,19.404378,73,17.375220500000005,10.593688000000002,0.384,8.138116459999999,5.55485462,13.692971140000001,35.63,1124.95,12.1721,11.69619
AT,0.55,0.8,36.0,180,27.936259999999997,11.48526,18.096203,18.099123000000002,59,15.364943000000002,9.188208000000001,0.338,7.19431291,4.50856359,11.70287652,34.66,1113.0,10.51473,9.48393
AT,0.55,0.8,36.0,181,61.837489999999995,30.24626,40.468363000000004,49.511596999999995,167,34.010619500000004,24.197008000000004,0.797,16.69830406,11.81295879,28.51126289,35.76,1096.51,26.00184,25.116799999999998
AT,0.55,0.8,36.0,182,2.23827,6.917,2.728539,13.513485000000001,29,1.2310485000000002,5.533600000000001,0.089,1.65015426,1.0259674,2.67612166,29.92,1217.82,2.19746,2.1941100000000002
AT,0.55,0.8,36.0,183,32.28219,13.51576,24.559563,24.563528,66,17.7552045,10.812608,0.394,8.17219662,4.85954892,13.03174548,33.11,1086.44,11.994950000000001,10.24357
AT,0.55,0.8,36.0,184,3.8415700000000004,12.81666,4.571184,25.680877,3,2.1128635000000004,10.253328000000002,0.164,0.34650782,0.09397348,0.44048131,2.69,1502.99,0.29307,0.19768
AT,0.55,0.8,36.0,185,16.831349999999997,7.47371,15.138754,15.141197,38,9.2572425,5.978968000000001,0.211,4.55574186,2.5688573999999997,7.12459914,33.73,1054.48,6.7565,5.4124300000000005
AT,0.55,0.8,36.0,186,92.86564,40.00301,61.941894999999995,60.014024,212,51.076102000000006,32.002408,1.148,24.598931829999998,15.87554356,40.474475299999995,35.26,1107.29,36.55257,33.39478
AT,0.55,0.8,36.0,187,37.34346,17.01499,34.819584000000006,34.825205,88,20.538903,13.611992000000003,0.475,10.45217172,6.3112916100000005,16.7634632,35.32,1050.79,15.95327,13.32418
AT,0.55,0.8,36.0,188,217.52506,93.03877,170.668838,174.87284,526,119.63878300000002,74.431016,2.671,58.30871709,37.31126024,95.61997729000001,35.79,1078.1,88.69295,78.72019999999999
AT,0.55,0.8,36.0,189,1391.50187,585.4098,1055.408214,1070.026108,2621,765.3260285000001,468.3278400000001,16.974,277.46061001,156.62087793,434.08148789,25.57,1100.11,394.57969,331.6963
AT,0.55,0.8,36.0,190,56.58629,24.47636,48.571567,48.579406,129,31.122459500000005,19.581088,0.7,15.51818833,9.61924991,25.13743827,35.89,1067.75,23.54243,20.251939999999998
AT,0.55,0.8,36.0,191,36.25379,16.07501,23.721098,24.20421,81,19.939584500000002,12.860008000000002,0.452,9.71830153,6.39897001,16.11727154,35.65,1114.87,14.45664,13.48159
AT,0.55,0.8,36.0,192,33.99271,14.85378,29.225726,29.230443,81,18.6959905,11.883024,0.423,9.34119479,5.8708602800000005,15.21205509,35.96,1065.83,14.272530000000001,12.34957
AT,0.55,0.8,36.0,193,3.94265,12.589799999999999,4.613299,25.236591,4,2.1684575000000006,10.07184,0.163,0.6006203,0.23538039000000002,0.83600069,5.14,1287.76,0.64919,0.50917
AT,0.55,0.8,36.0,194,34.03343,14.05702,21.03304,20.378411,73,18.7183865,11.245616000000002,0.412,8.74356256,5.67615374,14.41971627,34.98,1122.42,12.84696,11.93999
AT,0.55,0.8,36.0,195,5.677239999999999,6.8764899999999995,4.979748000000001,14.165351999999999,19,3.122482,5.5011920000000005,0.115,1.8521711399999998,1.4470988,3.2992698799999998,28.65,1099.81,2.99986,3.04402
AT,0.55,0.8,36.0,196,18.366259999999997,7.94134,15.320303,15.322776000000001,41,10.101443,6.353072,0.227,5.004300349999999,3.00360516,8.00790548,35.22,1066.38,7.50941,6.3181899999999995
AT,0.55,0.8,36.0,197,65.47222000000001,27.72531,52.295679,52.304121,141,36.009721000000006,22.180248000000002,0.802,17.09533127,10.43599362,27.5313247,34.31,1075.21,25.6055,21.95249
AT,0.55,0.8,36.0,198,71.50686,30.642349999999997,47.510641,46.031928,168,39.328773000000005,24.51388,0.882,18.485082289999998,12.054899429999999,30.53998171,34.64,1111.79,27.46911,25.35792
AT,0.55,0.8,36.0,199,2701.17191,1106.97865,2101.614441,2129.448128,6589,1485.6445505000002,885.58292,32.534,690.23576765,477.66731799,1167.9030868900002,35.9,1080.41,1080.98497,1012.65108
AT,0.55,0.8,36.0,200,69.47644,42.49254,61.168158999999996,83.614241,218,38.212042000000004,33.994032,0.992,19.21979425,12.84659684,32.0663912,32.31,1048.87,30.57241,27.52038
AT,0.55,0.8,36.0,201,18.807299999999998,7.80798,15.011923999999999,15.014347,43,10.344015,6.246384,0.228,5.052454780000001,3.06691625,8.11937101,35.56,1070.31,7.585979999999999,6.45137
AT,0.55,0.8,36.0,202,29.61236,11.64611,22.985646,22.989356,64,16.286798000000005,9.316888,0.35,7.8285615,4.74812109,12.57668258,35.91,1080.56,11.63908,9.98784
AT,0.55,0.8,36.0,203,3.10985,10.025459999999999,3.754921,20.121893,3,1.7104175000000001,8.020368,0.129,0.36703175,0.17955572,0.54658748,4.24,1258.58,0.43429,0.39904
AT,0.55,0.8,36.0,204,123.84516,63.10203,103.857289,117.30474099999999,304,68.114838,50.481624000000004,1.641,34.38104594,22.62946111,57.010507090000004,34.74,1068.75,53.34335,47.79144
AT,0.55,0.8,36.0,205,3.6840100000000002,8.47292,4.22149,16.61259,52,2.0262055,6.778336,0.117,2.34838421,1.70212695,4.05051116,34.6,1115.25,3.63194,3.7220500000000003
AT,0.55,0.8,36.0,206,55.48469,24.00249,38.376490999999994,38.382688,128,30.516579500000002,19.201992000000004,0.687,14.74683935,9.671902189999999,24.41874152,35.53,1101.94,22.1597,20.366529999999997
AT,0.55,0.8,36.0,207,2.7176799999999997,6.912439999999999,3.1235470000000003,13.696035,30,1.494724,5.529952000000001,0.093,1.4400895200000001,0.93016314,2.3702526699999997,25.51,1135.96,2.08657,2.0035
AT,0.55,0.8,36.0,208,40.8435,17.736349999999998,31.130863,31.135889000000002,94,22.463925000000003,14.18908,0.507,11.04461466,7.04059142,18.085205920000003,35.69,1082.73,16.70336,14.83147
AT,0.55,0.8,36.0,209,18.918200000000002,21.97994,17.294257,42.098731,96,10.405010000000003,17.583952,0.38,7.14470959,6.06505295,13.20976251,34.75,1064.3,12.41166,12.972520000000001
AT,0.55,0.8,36.0,210,36.80406,15.75231,26.823961999999998,26.828291999999998,79,20.242233000000002,12.601848,0.453,9.70360676,6.02860433,15.73221114,34.69,1091.59,14.412139999999999,12.681389999999999
AT,0.55,0.8,36.0,211,16.487740000000002,7.17549,12.030451,12.032394,38,9.068257000000001,5.740392,0.205,4.44517903,2.80848732,7.25366641,35.41,1088.26,6.66535,5.90775
AT,0.55,0.8,36.0,212,5.92449,19.45593,7.361353,37.909822,52,3.2584695000000004,15.564744000000001,0.248,3.32453389,1.88217416,5.20670808,20.97,1235.46,4.2143999999999995,4.034800000000001
AT,0.55,0.8,36.0,213,2.33377,7.6306899999999995,2.750843,14.838659,42,1.2835735000000001,6.104552,0.097,1.92055773,1.20590247,3.12646021,32.33,1237.21,2.52702,2.57154
AT,0.55,0.8,36.0,214,3.86032,7.598979999999999,3.6429980000000004,14.539029000000001,29,2.1231760000000004,6.079184000000001,0.11,1.83854176,1.2929219699999999,3.13146368,28.56,1168.4,2.68012,2.7335599999999998
AT,0.55,0.8,36.0,215,3.86997,11.79675,4.496284999999999,22.900203,47,2.1284835,9.4374,0.153,2.78868447,1.77190003,4.5605845,29.8,1243.36,3.66794,3.7557
AT,0.55,0.8,36.0,216,4.08201,13.52892,4.960832,26.255962,35,2.2451055,10.823136,0.172,2.18524894,1.36439044,3.54963933,20.59,1267.47,2.80056,2.90004
AT,0.55,0.8,36.0,217,4.12126,16.32971,4.790021,31.860440000000004,12,2.266693,13.063768,0.194,1.30260571,0.8495281899999999,2.15213393,11.09,1128.78,1.9065999999999999,1.89276
AT,0.55,0.8,36.0,218,24.955080000000002,9.94424,16.2892,16.291829,53,13.725294000000002,7.955392,0.297,6.48075224,4.11133942,10.59209166,35.65,1110.92,9.5345,8.64835
AT,0.55,0.8,36.0,219,3.09313,8.40404,3.154224,16.113351,14,1.7012215000000002,6.723232000000001,0.112,1.4351939599999999,0.7517298499999999,2.18692381,19.45,1264.64,1.72929,1.5812899999999999
AT,0.55,0.8,36.0,220,8.92782,13.56346,8.816322999999999,27.388505,25,4.9103010000000005,10.850768,0.212,2.4252281200000003,2.01188472,4.437112849999999,20.98,1061.77,4.178979999999999,4.3168299999999995
AT,0.55,0.8,36.0,221,17.62023,7.073060000000001,11.761928999999999,11.763828,38,9.691126500000001,5.658448000000001,0.211,4.57612288,2.80732654,7.38344942,35.07,1102.13,6.69928,5.9266499999999995
AT,0.55,0.8,36.0,222,104.38631,46.6039,73.78913100000001,74.79392,228,57.412470500000005,37.283120000000004,1.311,27.055534329999997,17.44395333,44.4994876,33.93,1098.81,40.49783,36.73777
AT,0.55,0.8,36.0,223,20.17193,8.79918,16.264421,16.267046,46,11.094561500000001,7.039344000000001,0.251,5.5171472800000005,3.47192921,8.989076429999999,35.83,1075.16,8.360719999999999,7.30333
AT,0.55,0.8,36.0,224,66.91525,29.248849999999997,46.545394,47.751003000000004,151,36.80338750000001,23.39908,0.831,16.73749709,10.53249468,27.26999173,32.83,1104.77,24.683889999999998,22.15548
AT,0.55,0.8,36.0,225,11.64731,11.28347,9.805197999999999,20.704473,42,6.4060205,9.026776,0.211,3.9967274500000003,3.04131309,7.03804046,33.4,1092.26,6.443569999999999,6.3975100000000005
AT,0.55,0.8,36.0,226,5.9033299999999995,10.667819999999999,6.3173449999999995,21.599351000000002,19,3.2468315000000003,8.534256,0.158,2.10686808,1.55560157,3.66246969,23.19,1110.91,3.2968200000000003,3.31128
AT,0.55,0.8,36.0,227,11.175559999999999,7.727189999999999,8.914174000000001,13.579612,31,6.146558,6.181752,0.17,3.1585739,2.01355555,5.17212943,30.43,1103.23,4.68816,4.23702
AT,0.55,0.8,36.0,228,9.2145,7.89977,8.482168,15.709098000000001,35,5.067975000000001,6.319816000000001,0.155,3.1129706699999997,2.46898305,5.58195375,35.95,1048.49,5.32378,5.28054
AT,0.55,0.8,36.0,229,3.44017,11.37467,4.051692,22.71154,12,1.8920935000000003,9.099736000000002,0.146,1.1450981999999998,0.40324006,1.54833824,10.61,1347.58,1.1489800000000001,0.84823
AT,0.55,0.8,36.0,230,20.95373,8.39704,13.360782,13.362939,46,11.524551500000001,6.717632000000002,0.25,5.44182803,3.5086627900000003,8.95049087,35.78,1113.29,8.03965,7.3806
AT,0.55,0.8,36.0,231,8.02851,19.24548,9.300526,39.237999,41,4.415680500000001,15.396384000000001,0.264,2.09984082,1.53430771,3.63414857,13.77,1034.45,3.51312,3.4043
AT,0.55,0.8,36.0,232,13.87673,6.2925699999999996,11.601345,11.603218,32,7.6322015,5.0340560000000005,0.176,3.83510085,2.3612533399999998,6.19635419,35.21,1066.33,5.81091,4.9669799999999995
AT,0.55,0.8,36.0,233,7.87101,7.862970000000001,5.665508,14.293064000000001,24,4.329055500000001,6.290376,0.144,2.51935748,1.9906556299999998,4.51001312,31.4,1144.0,3.94232,4.18742
AT,0.55,0.8,36.0,234,6.41473,18.45805,7.485291,37.030732,11,3.5281015000000004,14.766440000000001,0.243,1.36412994,0.69814562,2.06227555,8.47,1170.5,1.7618800000000001,1.5321600000000002
AT,0.55,0.8,36.0,235,5.85252,8.027479999999999,5.8084620000000005,15.211575,31,3.2188860000000004,6.421984,0.131,2.3791426099999997,1.86369022,4.24283287,32.35,1097.77,3.86496,3.9852
AT,0.55,0.8,36.0,236,33.49784,19.43182,21.77729,31.380108,103,18.423811999999998,15.545456,0.465,9.50905043,7.1823368499999996,16.691387289999998,35.88,1110.88,15.02543,15.20592
AT,0.55,0.8,36.0,237,8.79834,8.638969999999999,6.875967,15.284634,33,4.839087,6.911175999999999,0.16,3.23058742,2.28187932,5.51246679,34.44,1153.33,4.7796,4.8238199999999996
AT,0.55,0.8,36.0,238,17.0005,6.9358699999999995,11.965734,11.967665,42,9.350275000000002,5.548696,0.205,4.51874232,2.8291285499999996,7.34787084,35.89,1094.24,6.71507,5.95117
AT,0.55,0.8,36.0,239,9.62032,9.99533,8.455969999999999,18.927960000000002,39,5.291176,7.996264,0.18,3.6092638399999997,2.5262199900000004,6.13548382,34.02,1109.67,5.529109999999999,5.31921
AT,0.55,0.8,36.0,240,16.175459999999998,6.49111,10.796128999999999,10.797871,31,8.896503000000001,5.192888,0.193,3.95361625,2.38364798,6.337264230000001,32.79,1116.14,5.67785,5.01409
AT,0.55,0.8,36.0,241,110.46529,47.64207,71.15759200000001,72.883494,252,60.7559095,38.113656000000006,1.363,28.73868138,19.45059841,48.189279799999994,35.36,1115.71,43.191559999999996,40.97188
AT,0.55,0.8,36.0,242,192.32021,83.52636,104.876697,112.790443,511,105.7761155,66.821088,2.369,48.55191956,33.680435200000005,82.23235496,34.71,1130.17,72.76136,71.27758
AT,0.55,0.8,36.0,243,82.76735000000001,36.17719,57.298809999999996,57.05268100000001,198,45.52204250000001,28.941752000000005,1.031,22.250991539999998,14.752154050000001,37.00314546,35.91,1099.75,33.646800000000006,31.031689999999998
AT,0.55,0.8,36.0,244,55.41855,21.206319999999998,26.513749,26.43263,114,30.480202500000004,16.965056,0.647,13.52032802,9.20211228,22.72244022,35.12,1170.05,19.420060000000003,19.35697
AT,0.55,0.8,36.0,245,750.69286,311.29963,568.1031,568.4645849999999,1733,412.881073,249.03970400000003,9.109,197.29028061000002,127.46167867,324.7519594,35.65,1086.06,299.01842999999997,268.50587
AT,0.55,0.8,36.0,246,18.12468,26.14497,18.84301,52.247562,93,9.968574,20.915976000000004,0.416,6.1484938200000006,5.02108986,11.16958365,26.85,1025.98,10.886709999999999,10.78572
AT,0.55,0.8,36.0,247,434.65783,182.87768,335.055352,335.7733,1000,239.06180650000005,146.302144,5.309,113.29489508,71.54865268,184.84354800999998,34.82,1080.7,171.04061,150.93285
AT,0.55,0.8,36.0,248,54.72949,24.536060000000003,45.890513,45.897926,150,30.101219500000003,19.628848,0.69,14.66588736,10.07963831,24.74552581,35.87,1060.88,23.32546,21.51424
